textArguments,projectid
y:,13686
at,7747
to,6614
Tone:,5032
Speed:,4852
x:,4510
xy:,3319
char-space,3239
with,3146
size,2880
and,2646
z:,2530
replacing,2277
level,2109
radius,2072
Costume,1844
y,1803
speed,1749
if,1657
hp:,1654
siz:,1654
c#:,1654
spd:,1654
cls:,1654
agr:,1654
of,1607
With,1513
Y:,1362
in,1350
),1328
size:,1306
for,1303
typ,1276
from,1273
Hold:,1271
y1:,1235
y2:,1234
x2:,1234
x,1207
Zdistance:,1175
step,1173
facing,1166
data1:,1153
delay,1133
font,1133
speed:,1130
G:,1129
B:,1119
secs,1109
At,1090
rotY:,1057
tone,1041
|,1027
int.,1001
by,986
Size:,941
hold,915
base,898
R:,876
*,823
?????????,820
Color:,798
count,783
rotX:,769
rotZ:,769
until,765
on,746
"""""",704
Shade:,702
??????????????????,692
pressed,686
y=,684
says,648
|Speed:,646
list,640
padding,630
frames,626
In,620
space,620
costume,612
Costume:,607
Y,598
level:,592
angle,583
wait,575
.,567
Ghost,553
pen,550
:,534
a,529
???????????????,527
Sound,523
degrees,514
string,513
centered:,503
add,490
Speed,480
type:,470
name,464
last,458
blip,447
dps,440
Fly,440
Mob,440
Interval,440
HP,440
Gold,440
between,435
steps,416
to:,411
seconds,407
len,404
Size,404
max,404
point,403
resolution:,402
???,393
rotated,390
about,390
#,390
width,386
G,385
type,384
element:,384
data2:,384
rgba,383
starting,382
tmp,381
X,375
R,373
To,372
direction,372
power,370
time,366
color,363
cycles=,342
Vy=,342
upper,340
Colour,335
an,330
mod,322
start:,320
end:,319
Pressure:,316
is,315
offset,305
goal,303
the,303
letter,298
List,298
set,275
clones:,268
Speaker,267
apply,265
????????????,264
tileID=,264
User,264
Spawn,264
range:,260
home,256
??????,256
tone:,256
2,248
location,247
4,245
Text:,239
times,231
then,230
lock,228
type=,228
percent,224
-,223
Round,219
Angle:,216
h,212
3,210
(X:,196
Colour:,196
6,192
7,192
5,192
X:,185
Angle,182
degrees.,181
RGBA,180
Digits,179
+,179
??,176
change,175
using,175
\\\\%,175
Delay:,173
lava,171
into,170
Color,168
beat:,166
reward,165
Cloud,164
z,164
scale,163
S,162
damage,162
Direction,154
orig,152
radius:,151
destZ:,150
destY:,150
origZ:,150
destX:,150
origY:,150
arg1:,148
Wait,146
depth:,144
O,142
effect,142
amount,138
ignore,138
RGBA:,136
x=,132
ceiling,130
lock=,126
Go,126
or,125
A:,123
led.y:,122
line,121
Duration,121
Symbol:,121
\\/,120
mouse,118
Centered,116
down,115
pushin,112
Yspeed,112
stun,112
Type,111
position,111
twentieths,110
out,110
s,109
Damage,109
Starting,108
distance,106
color:,106
costume:,105
text,103
not,103
use,100
length,99
say,97
=,95
Seconds:,94
separator,91
Come,91
de,90
px,90
Length??,90
Y),87
Centered?,87
Font:,87
(X,87
(Add,87
thickness,86
smooth?,84
interface,84
user,84
direction:,83
style:,82
ID,82
march,81
value,80
step:,80
t,79
Delay,79
Y1:,77
From,76
\\\\%t,75
MouseY:,75
timeSlice:,75
\\\\%p,75
angle:,74
width:,74
(0,73
grid,73
Hold,73
Bounzy,72
Z:,72
Lava,72
dir,72
Pen,72
1),71
prev,70
life,70
amp:,70
Move,69
first?,69
typ:,69
hell,68
as,68
distance:,68
ghost,68
do,66
clickable:,65
around,64
face,64
break?,64
move?,64
vitesse,63
une,63
multiplier,63
Length:,63
avec,63
ang:,62
angle=,60
finish,60
pointing,59
big,59
moving,59
name:,59
siz,58
-2,58
dur,58
x-offset,57
y-offset,57
Text,57
code,57
combo,57
rings,56
shadow,56
Time:,56
delimiter,56
planet,56
(??????),56
sides,54
box,54
vel,54
Second,54
track=,54
hold:,53
Draw,53
80,53
sound,53
\\\\@,53
pen:,52
doors,52
numbers,52
?,51
ghost:,51
r:,50
filled?,50
penShade:,50
TURRET,50
B,50
penSize:,50
penColor:,50
prevZ:,50
prevY:,50
at:,50
prevX:,50
cloud,49
recover:,48
hover:,48
roll:,47
WxH:,47
(,47
rotate,47
range,47
sec(s),46
go,46
X2:,45
hr?,45
;,45
cent.,45
Y2:,45
screen,45
par,45
(fast),45
length:,45
Seconds.,44
number,44
ending?,44
w,44
GUI,43
RGB,43
correct,42
On,42
lowercase?,42
->,41
want,41
lowercase,41
var,40
PSize,40
letters,40
item,40
within,40
start,39
y-vel,38
left,38
ang,38
x-vel,38
condition,38
pitch:,38
(A:,38
supporting,38
(y-vel),38
Effects,37
Sync),37
Radius:,37
Variable,37
score,37
(Lip,37
icon,36
move,36
Note:,35
Scale,35
brightness,35
movement,35
b,34
Vector:,34
this,34
Data???,34
(Do,34
list:,34
Center:,34
0,34
steep,34
decoded:,34
Row:,33
dashed\\/regular,33
Times,33
fly,33
Bounze,33
Degrees:,33
y??????,33
allign,32
skipping,32
WrapX,32
g,32
decimal,32
player,31
custom,31
SE:,31
(\\\\%):,30
rotation:,30
position:,30
modifier:,30
Max,30
Alignment:,30
s:,30
ANGLE*,29
Accuracy,28
Switch,28
sec,28
end,28
scl,28
secs:,28
setscroll,28
setY,28
behind,28
lightness,28
refresh,28
touching,27
up:,26
factor:,26
forward:,26
envoyer,26
touche,26
^,26
new,26
ai:,26
alors,26
factor,26
C:,26
(*30),25
b:,25
DS,25
objectY:,25
objectZ:,25
xfact,25
repeat:,25
gst,25
tanCangleY:,25
angles:,25
Content:,25
majfact,25
quickly,25
Coordinates:,25
yfact:,25
spin:,25
Ellipses,25
characters,25
iStart:,25
style,24
of:,24
shift:,24
yaw:,24
Point3D,24
clear,24
letterspace,24
speed=,24
saturation,24
Animate,24
ui,24
direction=,24
leg,24
segoe,24
vertical:,23
Each,23
and:,23
Spacing:,23
pixels,23
Z,23
feather,22
bashvarlist,22
colour:,22
angryly,22
angs:,22
clearLast,22
r,22
??????????,22
(1=yes,22
petals,22
password,22
output,22
End,22
w??hrend,22
0=no),22
TEXT:,22
Pensize,21
Effect,21
DEGREES*,21
slot,21
Brightness,21
Noise,21
Space,21
first,21
wrap,21
ripped,20
veces,20
try,20
rotation,20
off,20
Says,20
mode,20
I,20
col:,20
(Credit,20
Alzter,20
place(s),20
fact:,20
bright,20
because,20
ID:,19
kern,19
shade:,19
Slide,19
1,19
italic,19
category,18
words,18
remove,18
w\\/o,18
stem,18
xr,18
Inbetween,18
tank,18
second,18
front,18
fade,18
momentum,18
hexadecimal,18
TO,18
cdown,17
(in,17
10,17
right,17
dist,17
immune,17
costumes,17
letter),17
str,17
gold,17
als,16
sprite,16
Mosaic:,16
which,16
Whirl:,16
horizontal,16
Brightness:,16
worth,16
adding,16
xScrPlat,16
gravity,16
yScr,16
yScrPlat,16
degrees:,16
~,16
Button,16
Degrees,16
platMin\\/Max,16
radix,16
duration,16
Pixelate:,16
rbg,16
onder,16
Fisheye:,16
numberofinuts,16
nach,16
sei,16
tile,15
voice,15
yr,15
Size?,15
Pitch:,15
height,15
case-sensitive?,15
For,15
target,15
leaves,15
included,14
HSL,14
Level,14
clone?,14
(1)\\/fade,14
Code,14
layers,14
together,14
Amount,14
self,14
num:,14
available,14
given,14
(inclusive),14
without,14
Rot,14
every,14
contains,14
error,14
Y-?,14
turning:,13
d,13
till,13
grow\\/shrink-inator:,13
longueur,13
mily,13
ds,13
#explain,13
(before):,13
DELAY,13
Gravity:,13
back,13
????????????????????????,13
origin,12
Target,12
Tampon,12
current,12
;;,12
turn,12
timer:,12
New,12
Line\\/s,12
Matrice,12
x-scale:,12
otherwise,12
rank,12
dirn:,12
no.,12
sine:,12
duizend,12
editsize?,12
(after):,12
Y::,12
saturation:,12
iterations,12
cam.POS,12
coins,12
"""s""",12
y-scale:,12
food,11
sfx,11
???true??????????????????????????????,11
opacity,11
shade,11
that,11
horizontal:,11
Walk,11
variable,11
pos,11
???????????????????????????,11
items,11
row:,11
time:,11
spacing,11
coin,11
roll,11
Start,11
x\\/y:,11
(MTT),11
dimensions,11
\\\\%?????????,11
when,11
accent,11
water,11
speeds,11
vertical,11
reset?,11
particles,11
framerate,10
Change:,10
mouse:,10
tilt,10
Hold;,10
??????????????????????????????,10
Input,10
$\\/\\\\%,10
Tone;,10
pulsos,10
only,10
sun,10
gap,10
right:,10
(Alphys),10
(ArcTan2),10
lives,10
verticale,10
opacity:,10
_,10
},10
follow,10
place,10
aim:,10
durante,10
&,10
|Speed;,10
angular,10
>space<,10
c:,10
Blue,9
Engine,9
Horizontal,9
endang:,9
nonshade,9
each,9
done,9
Green,9
Coordinate:,9
startang:,9
(Pythagorean,9
Beacons,9
target_col,9
Temp2,9
(list,9
per,9
velocity,9
Sound:,9
couleur,9
value:,9
1=Use,9
button,9
turns,9
fill_col,9
orientationBranche,9
theorem),9
tilt:,9
talking,9
switch,9
Bands,9
Secs.,9
Letter,9
rad,9
yVel:,9
maj\\/min:,9
style?),9
except,8
Position,8
amplitude:,8
from:,8
orig:,8
R3,8
R1,8
repeat,8
onto,8
fill,8
fast?,8
R2,8
NewActiveWiresSim,8
circleness,8
arg2:,8
borders:,8
????????,8
true,8
m,8
brightness:,8
d2,8
50,8
loved,8
uppercase?,8
logo,8
-3,8
cost,8
wave,8
where,8
(max,8
Thiness,8
cloudvar,8
center?,8
Transparency,8
clear?,8
decay:,8
throw,8
del,8
startness,8
D_i_a_v_l_o,8
D??lka:,8
slow:,8
nighttime,8
spare,8
Cat,8
speeds:,8
Rrecomeded,8
moon,8
me,8
banco,8
min\\/max:,8
AppLayers,8
matrix,8
Shade,8
delete?,8
bool,8
occupied,7
min,7
height:,7
\\/sz,7
iterations:,7
green:,7
Crit,7
units.,7
sz,7
bfc,7
sound:,7
drain,7
(Walls),7
col,7
strength:,7
sum,7
answer,7
red:,7
blue:,7
alpha,7
pos.,7
chance,7
points:,7
pixel,7
Offset,7
clones,7
for:,7
light,6
variable?),6
vider,6
-bit,6
list2:,6
w\\/,6
overwrite?,6
Stop,6
wall,6
);,6
len:,6
<--,6
#NAME?,6
laser,6
zoom,6
k,6
"""cant""",6
(cloud,6
meters,6
token,6
timeout:,6
pen?,6
P:,6
pole,6
ramp,6
Go!!,6
scale:,6
Red,6
score*10,6
sensing,6
side,6
spikes,6
spin,6
spin?,6
squares,6
model,6
At:,6
stops,6
pattern:,6
merid,6
itemincode,6
pass,6
YBasGauche,6
data,6
coordinates,6
enemyType:,6
binary,6
colstt:,6
all,6
XBasGauche,6
enemyCount:,6
factors:,6
dx=,6
console,6
dy=,6
found,6
column,6
camera,6
charset,6
abs(gravity)=,6
digits,6
????,5
sebess??g:,5
quality,5
Block,5
stars,5
stay,5
make,5
magnitude,5
stamp,5
args:,5
scaled,5
en,5
c2,5
angles,5
line\\/s,5
How,5
c1,5
sustained,5
Si,5
going,5
square,5
monster,5
d:,5
assigned,5
Petals,5
d??finition,5
sinion,5
Point,5
Postion,5
dans,5
c3,5
Closed?,5
News,5
away,5
Forever:,5
notes,5
spc,5
Camera,5
(Run,5
no,5
category:,5
convert:,5
SPEACH:,5
Every,5
pensize:,5
clothing,5
-1,5
index,5
intensity,5
appedage,5
animate,5
zoom:,5
decay,5
kotch,5
#:,5
repeating,5
FWT,5
leaf,5
takes,5
extra,5
curve,5
let:,5
letter:,5
Table,5
Matrice;,4
zijde,4
colors,4
animation,4
swing,4
text:,4
delay.,4
returns,4
nodelete?,4
\\/\\/size:,4
Flavor,4
hide:,4
Required,4
"""speed:""",4
decays:,4
color(1-200):,4
Right,4
2:,4
toward\x7f;,4
levels,4
drawing?,4
pour,4
points,4
high;,4
axis,4
ox,4
a:,4
frames:,4
frame,4
levens,4
real,4
Cntry:,4
a(x-A)(x-B),4
walljump,4
val,4
decays,4
on:,4
point:,4
slope?,4
as_shadow,4
increase,4
off:,4
Clear:,4
trans,4
{,4
Clear,4
Vrai,4
calc,4
.contains(,4
bottom-left:,4
vers,4
structure,4
long,4
twitch:,4
physics?,4
max.dots,4
among,4
copier,4
factors,4
export,4
bottom,4
hardness:,4
health,4
before,4
mag,4
closed,4
Enable,4
lum,4
Y+,4
through,4
while,4
TaskBarActiveApps,4
state:,4
TollVastags??g,4
PX:,4
Long,4
gravity:,4
key,4
Direction:,4
Say,4
frame:,4
Yh,4
volume:,4
alpha:,4
1:,4
PY:,4
up,4
Hossz,4
degree,4
miljard,4
XHaut,4
y-drop:,4
h\\/s,4
hostile,4
leng,4
ending,3
completion,3
ship,3
rot,3
v:,3
shdw,3
twist,3
required:,3
Fish,3
contain,3
random,3
rand,3
refresh),3
scolling,3
percent:,3
put,3
ps,3
buttons,3
false,3
c,3
u\\/d,3
id:,3
by:,3
cval,3
set:,3
:upper,3
play,3
rotdlf,3
rocks,3
deccelerate,3
GOTO:,3
Z-Cam,3
jump,3
deep,3
Steps,3
zscale:,3
tone?,3
Y-Cam,3
texture,3
ter,3
xscale:,3
(Enemy),3
minutes,3
mins,3
time(s),3
toList,3
ResponseIfCorrect:,3
hangtime,3
maximum,3
delta,3
toCLVar,3
bound,3
acceleration,3
heigth,3
block,3
Answers:,3
high,3
Y-Rot,3
log,3
Z-Rot,3
Rotation,3
yscale:,3
interaction,3
pensize,3
broadcast,3
si,3
(no,3
format,3
bounds,3
X-Cam,3
turning,3
Point?:,3
sinon,3
Wrap,3
Console,3
character,3
And,3
sizedlf,3
Cloned,3
info:,3
Radius,3
char,3
tiles,3
Reflect,3
#OfBars:,3
Repeat,3
Repeat?,3
hight,3
divided,3
encryption,2
saltos,2
tilt::,2
shout,2
???HP??????,2
target:,2
rows:,2
rows,2
text.,2
than,2
???????????????????????????????????????,2
.substring(,2
there,2
????????????????????????????????????,2
Ex,2
be,2
?????????????????????,2
update,2
drop-y:,2
side:,2
Current,2
dash\\/regular,2
ascending,2
smooth,2
D:,2
trail,2
dots,2
CW?,2
DROID?,2
dist:,2
breakup,2
1\\/0,2
split,2
???(???),2
disk,2
backdrop:,2
scrolling,2
arms:,2
dir:,2
string.,2
structure:,2
ARTIFICIAL,2
?????????),2
bounds:,2
sure,2
az:,2
Fade:,2
get_unit?,2
x:%n,2
maxRef.,2
maze,2
(Bullet),2
memory,2
guns,2
Seconds,2
Score:,2
money,2
Save,2
SEND,2
Rule,2
Rotation:,2
nodes,2
\\\\%-width,2
(delete,2
number.,2
roep,2
octave,2
RPG,2
get_normal_vector?,2
g:,2
cols:,2
Question,2
futures,2
operation:,2
options,2
writer,2
friction,2
collision,2
happy,2
collected,2
map,2
idx:,2
X-Position,2
increments,2
instantly,2
XB,2
Wait:,2
inv,2
Veces,2
User:,2
Unless,2
zob,2
jfx,2
knob,2
l\\/r:,2
Times=,2
yob,2
Y-Position,2
can,2
y:%n,2
lines,2
hieght:,2
Sphere,2
Sound?,2
hide,2
Sides,2
Side,2
main,2
Playernames,2
pos:,2
columns,2
players,2
filling,2
feelinga,2
all?,2
far,2
pull,2
fade?,2
Level:,2
view,2
rad:,2
radio,2
Into,2
Integer,2
*|,2
vel.,2
recursion,2
relative,2
angulo,2
-2:,2
repeat?,2
repeats,2
reps,2
costumename,2
bytes,2
crash,2
Ghost:,2
add:,2
faint,2
People,2
activity,2
checked?,2
passi,2
flipped?,2
P.o.V.,2
(r2),2
data:,1
?????????????????????(c\\/b,1
trigP:,1
#AllWeb,1
triangles,1
colored,1
yes\\/no,1
(sprite,1
yaw,1
catch,1
(v2),1
(1\\/3),1
yv,1
z2,1
x-coordinate,1
z1,1
????????????),1
trigR:,1
1(,1
close,1
trigY:,1
0(,1
usemod,1
wtih,1
clone,1
valid?,1
????????????????????????(????????????,1
c??t??s,1
whole,1
)(color,1
90\\/-90,1
typed,1
(Fire,1
???(???,1
)???(,1
)???????????????,1
waiting,1
contents,1
???(a^b),1
360-direction,1
xv,1
towards,1
dashes:,1
(Buttons),1
y-coordinate,1
>,1
)???????????????????????????,1
comments,1
)color:,1
<,1
cut,1
??????2,1
)long:,1
)}???????????????(?????????,1
coler,1
(X),1
y2,1
(ANIMU,1
x2,1
15,1
(999,1
(Y),1
v,1
X=,1
thyme,1
Record,1
parallax:,1
Player,1
p(,1
Protocol,1
a(,1
g-leaves,1
g-petals,1
ok,1
\\\\@max,1
bounce,1
Reduce,1
Regulator,1
nowored,1
non-refresh,1
non-error,1
nearest,1
name),1
multiple,1
above,1
forever,1
P2,1
P,1
preserve,1
Maximum,1
Mr\\/Ms,1
pointer,1
point(,1
Now,1
Number,1
Number:,1
O(,1
Of,1
pixelrender?,1
flowers,1
pitch,1
pie,1
phosphorus,1
Ok?,1
petal,1
moveCat,1
mod),1
Y\\/N,1
The,1
XYZ:,1
Time,1
lado,1
l\\/r,1
how,1
XD,1
joku,1
its,1
hue:,1
hypo1:,1
hypo2:,1
it?,1
intervals,1
inside,1
input,1
Walls,1
Way,1
Then,1
length!,1
mobs,1
hight:,1
Sep:,1
Y=,1
message,1
meat(s),1
Seperator,1
Set,1
m\\/s??????,1
Y123,1
loops:,1
Spd.,1
lineN,1
Steal,1
Step(s),1
lightdir:,1
Stories,1
String,1
TRASH),1
Line,1
proceed,1
progress,1
squared,1
display?,1
Bounce,1
backdrop),1
bO(,1
b(,1
Caught,1
sound?,1
so,1
drama,1
slow,1
Clones,1
size\\\\%,1
size(,1
CoolTalk,1
draw,1
simi-strings,1
sides:,1
Bold:,1
disappear,1
shown?:,1
Binary,1
then...,1
??????x,1
??????y,1
define,1
???x??????,1
tama??o,1
tall,1
taille,1
???y?????????????????????,1
border?,1
A,1
delete,1
deltas,1
Accel.,1
Attack,1
Between:,1
backwards,1
sided,1
Creator:,1
Length,1
GPA,1
rot:,1
Get,1
ring-size:,1
Got,1
HEX:,1
event,1
required,1
Height,1
Hexadecimal,1
extras:,1
recolt,1
ready,1
I:,1
ranbow),1
Int:,1
LOT,1
Laser(s),1
Gap,1
Fall,1
shape,1
rule,1
Custom:,1
sets,1
dust,1
sensor,1
eat,1
Data,1
Description:,1
Dir,1
secondes,1
Dog,1
Dot,1
Element,1
Else,1
Everything!!!!!!,1
sarting,1
sad?,1
Facing,1
!,1
